"gender","year","state","scale.score.reading","SE.reading","scale.score.math","SE.math","grade"
"all","2003","Alabama",253.172593739071,1.50687225117068,261.939022225118,1.49651852490619,8
"all","2003","Alaska",256.409625298838,1.09659683304228,279.025069865231,0.944941424412405,8
"all","2003","Arizona",255.320115210993,1.3576154049307,271.177350478914,1.19576506658768,8
"all","2003","Arkansas",257.998089007686,1.28912080065883,265.771589343076,1.22537002689076,8
"all","2003","California",251.007500405859,1.27813891334664,267.049500585455,1.15430994766425,8
"all","2003","Colorado",267.592640864405,1.20103052089827,283.399858481467,1.06557884949164,8
"all","2003","Connecticut",267.218075351081,1.08126916753897,283.729811207579,1.16626920151475,8
"all","2003","Delaware",264.532051451005,0.742364986475004,277.158368932433,0.672844117307703,8
"all","2003","District of Columbia",238.700733278197,0.750312742623056,243.059638247651,0.790071967103111,8
"all","2003","DoDEA",271.790968707121,0.587538223780458,284.762466150261,0.671024297476826,8
"all","2003","Florida",257.301319786896,1.32906129413062,271.371490239171,1.51379673042209,8
"all","2003","Georgia",257.714824971911,1.13760084944771,269.677009232403,1.15271114347171,8
"all","2003","Hawaii",251.284801856226,0.872765324240107,265.728581015081,0.782348305028792,8
"all","2003","Idaho",264.439775716816,0.891648947681206,279.939266837246,0.912458849778157,8
"all","2003","Illinois",266.408968905567,1.01349891639631,277.160080956322,1.16832770164815,8
"all","2003","Indiana",264.832532267553,1.03901409758073,281.220939756711,1.12185824888644,8
"all","2003","Iowa",267.5048316647,0.794032641136169,283.953344744355,0.816515781692166,8
"all","2003","Kansas",266.011689626198,1.47592914315077,284.191088052303,1.26269173467095,8
"all","2003","Kentucky",266.191435227824,1.2530457854361,274.278472166639,1.23390086797108,8
"all","2003","Louisiana",253.448288243581,1.57709426066114,266.328359269062,1.51177025313187,8
"all","2003","Maine",268.323265177592,0.980311942804216,281.903773320764,0.874768227343756,8
"all","2003","Maryland",261.595731939425,1.4487744886633,277.71611251074,0.963459997429578,8
"all","2003","Massachusetts",272.906645050057,0.96459349012472,286.52069448017,0.889162340136286,8
"all","2003","Michigan",264.378292493388,1.83986796676684,276.441861597672,1.98331461407939,8
"all","2003","Minnesota",267.711358412271,1.08320563240812,290.680055978624,1.06539225444445,8
"all","2003","Mississippi",255.010828024612,1.3785694497494,260.911933580199,1.07182594558736,8
"all","2003","Missouri",267.363673296442,1.0117457187719,278.766250348876,1.08399949100983,8
"all","2003","Montana",269.833415980195,1.04084773018816,285.928022552419,0.791473793052844,8
"all","2003","Nebraska",266.313690432675,0.90510257094986,282.193755965696,0.92248143308482,8
"all","2003","Nevada",252.309915677623,0.817493302732534,268.04313771367,0.819196032313662,8
"all","2003","New Hampshire",270.734453004041,0.934705656367128,286.198468660005,0.827225385187376,8
"all","2003","New Jersey",267.786953088416,1.20698006261199,281.407119904536,1.14242673233812,8
"all","2003","New Mexico",251.599155965354,0.869292644260653,263.272906651625,0.984628919888513,8
"all","2003","New York",265.329794503317,1.33215495158312,279.749257044273,1.07478105599786,8
"all","2003","North Carolina",261.71164481782,0.977520136443916,281.240350571106,0.994617922280045,8
"all","2003","North Dakota",269.73035434547,0.77504457108829,287.14464048292,0.783882600365726,8
"all","2003","Ohio",266.566105917826,1.31568977293139,281.607295379003,1.30267786073001,8
"all","2003","Oklahoma",261.719961000332,0.94713139458632,271.905151347835,1.1049311227723,8
"all","2003","Oregon",264.025569883652,1.23185865260425,280.892470910844,1.2933708693903,8
"all","2003","Pennsylvania",264.267365101484,1.18262137266643,278.537758124922,1.07728489944294,8
"all","2003","Rhode Island",260.879572089782,0.707068646702019,271.998694378475,0.717458133741653,8
"all","2003","South Carolina",258.088991442805,1.26259621423489,277.300449617316,1.27662483632229,8
"all","2003","South Dakota",269.971058609565,0.774273151695224,284.881736383978,0.770072291439759,8
"all","2003","Tennessee",258.10836458389,1.17082311342912,268.175728562365,1.77686211711916,8
"all","2003","Texas",258.777257969241,1.11714610535249,277.052648954338,1.13166703590119,8
"all","2003","Utah",264.303442578174,0.84005380335821,280.64536966117,1.01696383606189,8
"all","2003","Vermont",270.519439020331,0.823108148637102,285.6455721843,0.764214569561278,8
"all","2003","Virginia",268.004817111028,1.05341469672083,281.676643366069,1.28730009842828,8
"all","2003","Washington",264.494066459256,0.884004101716064,281.151364414263,0.947516776998726,8
"all","2003","West Virginia",259.564237912782,0.997970909466111,270.770353447282,1.17827742568535,8
"all","2003","Wisconsin",266.468617636836,1.27376877461975,283.915865654494,1.28077708897649,8
"all","2003","Wyoming",267.00102854451,0.525384796057479,283.50334994463,0.680297326135934,8
"all","2005","Alabama",251.978391189903,1.44450301836255,262.211100048323,1.48745902310598,8
"all","2005","Alaska",258.721274696008,0.872825223454936,278.958709394219,0.793841900017861,8
"all","2005","Arizona",254.787938225175,1.006070804296,274.305090048274,1.07298110102562,8
"all","2005","Arkansas",257.691731885046,1.09727084239208,271.636348366415,1.1824444137243,8
"all","2005","California",250.431056381298,0.554226266189473,268.558128581435,0.648804422431882,8
"all","2005","Colorado",264.758106095045,1.0728819240019,280.824007310133,1.17954285726732,8
"all","2005","Connecticut",264.012759246181,1.29537405256863,281.068953005311,1.42536536176641,8
"all","2005","Delaware",266.00936537348,0.624901182913344,280.95354283122,0.614549551802888,8
"all","2005","District of Columbia",238.20309296003,0.870910984139291,245.215780768922,0.856713176558167,8
"all","2005","DoDEA",270.508740857412,0.710146425483297,283.902342960277,0.678709254497556,8
"all","2005","Florida",255.779970004926,1.18861817733807,274.04837689748,1.1256863185159,8
"all","2005","Georgia",256.872381537263,1.30551689717937,272.191564411022,1.11133783735891,8
"all","2005","Hawaii",248.505423021221,0.864573668645186,265.629319114113,0.660111607524452,8
"all","2005","Idaho",264.301743791415,1.05409390579473,280.966896649599,0.885641156061303,8
"all","2005","Illinois",263.517029687837,1.00742566418869,277.672238913307,1.05900493730648,8
"all","2005","Indiana",261.013686455544,1.11948646609761,281.714945536305,1.0000859030607,8
"all","2005","Iowa",267.003171685311,0.903379673661613,283.810928831672,0.852991484477012,8
"all","2005","Kansas",266.831233242163,0.991408493171768,284.030053484553,1.02761424204886,8
"all","2005","Kentucky",263.938418419941,1.14260410508808,273.983027164396,1.2214598579279,8
"all","2005","Louisiana",252.691593269226,1.57894081528934,267.755030846034,1.39314340135249,8
"all","2005","Maine",269.983443790132,0.952963419817178,281.058540918142,0.841420004950933,8
"all","2005","Maryland",260.78238344543,1.22035899559238,277.930794576753,1.08422067307883,8
"all","2005","Massachusetts",273.716062946534,1.00310505348119,291.5135411152,0.878198454529008,8
"all","2005","Michigan",261.138472348508,1.16352015895432,277.346681960374,1.52591060451705,8
"all","2005","Minnesota",268.356672871089,1.18753480459968,290.074995791089,1.18589459251151,8
"all","2005","Mississippi",250.530668896407,1.25097026233979,262.456242710419,1.18433060002452,8
"all","2005","Missouri",264.659368767086,1.03389227905076,276.44993926095,1.30752038372018,8
"all","2005","Montana",269.224129746888,0.744965686578112,286.432001216413,0.704631630211944,8
"all","2005","Nebraska",267.455694338449,0.894754071623615,283.9629910353,1.03041069815227,8
"all","2005","Nevada",252.86906252292,0.945208015909642,269.905585503685,0.787736714381766,8
"all","2005","New Hampshire",269.651270332586,1.17926564351581,285.2533570362,0.810151442284378,8
"all","2005","New Jersey",269.423228138126,1.20012329483376,283.902604236295,1.40411821983057,8
"all","2005","New Mexico",251.033330748445,1.00269647369989,263.275162986677,0.939941479497514,8
"all","2005","New York",265.138561817316,0.963211408213227,279.716253699868,0.89673729246127,8
"all","2005","North Carolina",258.160185489234,0.924114674411508,281.825136586578,0.939927508907121,8
"all","2005","North Dakota",270.243755830946,0.641526084925613,286.960953441317,0.63442576356506,8
"all","2005","Ohio",266.767281184036,1.25279378457103,283.251774708647,1.10487117174106,8
"all","2005","Oklahoma",259.631359955752,1.05688886049367,271.359902408679,1.02772569643937,8
"all","2005","Oregon",263.156890818544,1.14467496083846,282.237325362273,1.0425610898927,8
"all","2005","Pennsylvania",266.821911059188,1.32188092768139,280.713835066326,1.47478547706345,8
"all","2005","Rhode Island",260.968326762196,0.700755683889078,272.345018074323,0.7719770509666,8
"all","2005","South Carolina",257.16910456442,1.06491040765941,281.23432113535,0.875198670621731,8
"all","2005","South Dakota",268.540435645755,0.630944576361708,287.303617983357,0.612244104594744,8
"all","2005","Tennessee",259.072341834008,0.939477350395637,270.524576784271,1.13243703003983,8
"all","2005","Texas",258.191597999486,0.642984825135125,281.102845047493,0.622517982890069,8
"all","2005","Utah",261.87087212251,0.752574237855582,279.156123426792,0.683578513144731,8
"all","2005","Vermont",268.772420626961,0.745683694160417,287.356487616841,0.745831892908703,8
"all","2005","Virginia",267.808966738154,1.03983258843848,284.371628221298,1.13220746771051,8
"all","2005","Washington",264.656551932316,1.25568567996765,285.052229728136,1.01959602833304,8
"all","2005","West Virginia",255.0733795631,1.22067488972041,269.099492803301,0.956265476479076,8
"all","2005","Wisconsin",266.228560789199,1.11987502647396,284.541556582959,1.14898576923651,8
"all","2005","Wyoming",268.124234884295,0.678232901629395,282.100609598155,0.749514024997756,8
"all","2007","Alabama",251.936881437536,0.960095757557022,266.000109919931,1.45836344783611,8
"all","2007","Alaska",258.798455932602,1.00984561288021,282.557154120707,1.06343703977214,8
"all","2007","Arizona",254.828792354004,1.19660111503733,275.548426408372,1.23362165822623,8
"all","2007","Arkansas",257.96099580386,1.03009646788146,273.89986215628,1.05131477444463,8
"all","2007","California",251.287791535591,0.756893462405165,270.381784005669,0.802446485295445,8
"all","2007","Colorado",266.407881623504,1.03095514945712,286.192756166341,0.94747532498853,8
"all","2007","Connecticut",267.055691390062,1.57065077115853,282.472790062009,1.4828211695786,8
"all","2007","Delaware",264.544830664544,0.644337743447208,282.992082743316,0.625339029550636,8
"all","2007","District of Columbia",240.793624795109,0.748062991801131,248.198742417967,0.905194592810764,8
"all","2007","DoDEA",272.692552866005,0.977503608448489,285.065311847755,0.791687293292726,8
"all","2007","Florida",259.790720651776,1.20059301564878,277.383497256758,1.27858925997865,8
"all","2007","Georgia",258.70499279234,1.02234118523478,274.778664644925,0.966494511415469,8
"all","2007","Hawaii",251.330810691924,0.833203302125837,268.772013351933,0.752942725768254,8
"all","2007","Idaho",264.886342446047,0.891594793014279,283.507595771493,0.863939356426712,8
"all","2007","Illinois",262.826617097915,0.950020413089688,280.497096028329,1.14370991655146,8
"all","2007","Indiana",264.095960900362,1.07656480366555,285.007210900174,1.12836701086905,8
"all","2007","Iowa",267.450719560442,0.914145622325845,285.226903146597,0.863022499708073,8
"all","2007","Kansas",267.413790936682,0.785166264565871,290.032599829257,1.07136559315585,8
"all","2007","Kentucky",261.965950993654,1.00177509938934,278.704749914375,1.09444665439926,8
"all","2007","Louisiana",253.238294281289,1.13120746989928,272.386299598469,1.09767880693973,8
"all","2007","Maine",269.920153818638,0.844010263906972,286.472253115987,0.767684708787597,8
"all","2007","Maryland",265.240121492132,1.22180288002014,285.734265236821,1.19376109426843,8
"all","2007","Massachusetts",273.284048809294,1.03739985103814,297.923344483955,1.25107843173895,8
"all","2007","Michigan",260.317706092973,1.18321523266108,276.830517083696,1.37073768428429,8
"all","2007","Minnesota",268.197442761373,0.936379314890281,291.85111653854,1.01298648610412,8
"all","2007","Mississippi",250.063570104392,1.07004009354851,264.890918700127,0.806219742841915,8
"all","2007","Missouri",263.442315999206,0.991824671889179,280.619538285703,0.979492796621492,8
"all","2007","Montana",270.937849960978,0.79101615014162,287.075528953695,0.704408669743871,8
"all","2007","Nebraska",267.030850555401,0.888084435170786,283.650598646173,0.957672293734889,8
"all","2007","Nevada",252.348473866768,0.830417135279387,270.804024374923,0.843050906649931,8
"all","2007","New Hampshire",269.734588561039,0.927836527835906,287.557060954994,0.708313328562389,8
"all","2007","New Jersey",270.141550284263,1.13455332331004,288.583451449458,1.21242311343898,8
"all","2007","New Mexico",250.75317445253,0.84388802258191,267.538078662633,0.876124852086686,8
"all","2007","New York",263.54571646767,1.11186880701759,280.141177237476,1.19776362744425,8
"all","2007","North Carolina",259.136703088411,1.14282761382263,283.880668759806,1.06932565294445,8
"all","2007","North Dakota",268.017670542433,0.702995873309414,291.561611918756,0.699195268507796,8
"all","2007","Ohio",267.978979400559,1.19504252478931,284.851639473941,1.20548546032839,8
"all","2007","Oklahoma",259.547225161046,0.766295324216837,274.534989354995,0.924661933999489,8
"all","2007","Oregon",265.710210180337,0.9355039915832,283.826277204194,1.13356072559981,8
"all","2007","Pennsylvania",267.665630227785,1.24230164083313,286.166863325768,1.13229697176143,8
"all","2007","Rhode Island",258.321117711185,0.852094948947803,275.386990471622,0.680926788022312,8
"all","2007","South Carolina",257.421202792973,0.948444464874437,281.503601480921,1.01218247917935,8
"all","2007","South Dakota",269.596763416027,0.709596896752752,288.463925271604,0.844214176400077,8
"all","2007","Tennessee",259.161954905287,1.0311995479494,273.978786623685,1.14369275972059,8
"all","2007","Texas",260.812919224922,0.903231645042858,285.870708420456,0.989838050934049,8
"all","2007","Utah",262.228024678962,0.968762814246557,281.087473705525,0.854921607744279,8
"all","2007","Vermont",273.045757236707,0.803751362667414,291.010773791979,0.735977033441972,8
"all","2007","Virginia",266.878737486076,1.0649067437142,287.625904963882,1.09798306069847,8
"all","2007","Washington",264.947778144606,0.922673612597093,284.862804344983,0.984917748132617,8
"all","2007","West Virginia",254.998552385478,1.02271600938239,270.084093587271,0.982770503018201,8
"all","2007","Wisconsin",264.184509633385,1.029339321449,285.617942521924,1.06722218665938,8
"all","2007","Wyoming",266.22554358249,0.717739825561684,286.987771483089,0.746608930312588,8
"all","2009","Alabama",254.89524659554,1.08474458256913,268.524120315168,1.24908197108113,8
"all","2009","Alaska",259.449426538116,0.92137715605124,283.047662800849,1.02125626270212,8
"all","2009","Arizona",257.595275452299,1.23581936880702,277.332281962623,1.4408062147954,8
"all","2009","Arkansas",258.048580163614,1.2270139196633,275.999499994013,1.13944581835961,8
"all","2009","California",252.631380782334,1.22112783557628,270.448588146426,1.30163956991268,8
"all","2009","Colorado",265.51311994428,0.764976982337003,287.372907515934,1.37063982634399,8
"all","2009","Connecticut",271.810133169712,0.861665056317805,288.608513451696,0.978152929583689,8
"all","2009","Delaware",264.998966063101,0.688044475715144,283.829472979958,0.525403562458915,8
"all","2009","District of Columbia",242.490424305314,0.948257950179533,253.595186871272,0.861215147124673,8
"all","2009","DoDEA",272.459316348739,0.748351428671039,287.149652381487,0.913132460635049,8
"all","2009","Florida",264.362040854787,1.15309442808474,279.33526411278,1.08214471102175,8
"all","2009","Georgia",260.244524519648,1.0266868641435,277.561199732371,0.91196788919625,8
"all","2009","Hawaii",254.738979931593,0.628134215316935,273.758606683625,0.652641470668296,8
"all","2009","Idaho",264.837184984886,0.869575262748536,287.305215052426,0.815011359450264,8
"all","2009","Illinois",264.514002261585,1.22525507317816,282.431416992088,1.21001204093272,8
"all","2009","Indiana",265.69124060951,0.981860871712765,286.809977886735,0.904840627032261,8
"all","2009","Iowa",264.888126041644,0.948794328363448,284.170178554705,0.988146142496023,8
"all","2009","Kansas",266.799519310717,1.10456046095932,288.596403041255,0.951373561280454,8
"all","2009","Kentucky",266.854019810768,0.919613015951694,279.284216093787,1.09171937704968,8
"all","2009","Louisiana",253.329004007468,1.58200395229765,272.379906697646,1.58820389754674,8
"all","2009","Maine",267.706499608477,0.741380890938168,286.361425938805,0.742727035613987,8
"all","2009","Maryland",267.298056489005,1.11401869956172,288.341565298202,1.12788193328194,8
"all","2009","Massachusetts",273.589289718711,1.19194959000967,298.854346618482,1.33736447671991,8
"all","2009","Michigan",261.898150017122,1.3740877639156,278.268168151681,1.56516693381597,8
"all","2009","Minnesota",269.739820132507,0.970741015927516,294.443320106986,1.02744161799307,8
"all","2009","Mississippi",251.305654614612,1.00834747396151,265.001958154729,1.19442891086234,8
"all","2009","Missouri",266.876460156868,0.953554245778852,285.808001946777,0.970046962310452,8
"all","2009","Montana",270.393925995333,0.640771996801287,291.542942879491,0.866440517778839,8
"all","2009","Nebraska",267.067856574245,0.931595325636385,284.259093531038,1.07998260236096,8
"all","2009","Nevada",253.84095441963,0.860733276002317,274.148541684888,0.749383549876518,8
"all","2009","New Hampshire",270.748158823326,0.958493875049941,292.321817220053,0.890677503522053,8
"all","2009","New Jersey",272.80263385761,1.30538129313955,292.657227109585,1.42905859064575,8
"all","2009","New Mexico",254.129173669956,1.23737204783487,269.704253797704,1.08083971198489,8
"all","2009","New York",264.288057457975,1.24673470642252,282.576915418605,1.24845326409889,8
"all","2009","North Carolina",259.528486560755,1.18846254876651,284.332635252336,1.28475448767676,8
"all","2009","North Dakota",269.239984852546,0.636738579502984,292.842488544915,0.678890771473798,8
"all","2009","Ohio",268.67823553327,1.34103500525336,285.583013784517,1.00095276514251,8
"all","2009","Oklahoma",259.495771007061,0.918113908089487,275.711956830545,1.04721454338853,8
"all","2009","Oregon",265.08924671644,1.00727684830202,285.036814371216,1.01611662577001,8
"all","2009","Pennsylvania",270.700536709088,0.847045273797365,288.304168923925,1.25158226552821,8
"all","2009","Rhode Island",259.885589729898,0.606750830601386,277.92371937219,0.772118067616063,8
"all","2009","South Carolina",257.274184592561,1.23046869220077,280.380855413571,1.27668093432516,8
"all","2009","South Dakota",270.06099022928,0.512817239248328,290.619127707892,0.505050961243127,8
"all","2009","Tennessee",260.946676191649,1.1006287062806,274.761821088186,1.37745102358795,8
"all","2009","Texas",260.368795018986,1.05128969372908,286.685076683873,1.26070915195174,8
"all","2009","Utah",265.591577109328,0.840324363291103,284.068251870422,0.934252589839023,8
"all","2009","Vermont",272.305134189083,0.586675752089179,292.866096352356,0.562115844115738,8
"all","2009","Virginia",265.641981716133,1.06769602848422,286.069754986907,1.14924627661359,8
"all","2009","Washington",266.917617143622,1.13838762885755,288.722375608773,0.984995320595087,8
"all","2009","West Virginia",254.799747493408,0.852979235845052,270.415765915327,1.00259296276384,8
"all","2009","Wisconsin",265.812615742952,1.04992933496882,288.140726236317,0.912755292164459,8
"all","2009","Wyoming",268.159428117446,0.984683459240996,286.10403398533,0.624974365191308,8
"all","2011","Alabama",258.421090379483,1.48662128061311,269.09651583719,1.39966535966003,8
"all","2011","Alaska",261.2852520164,0.864029475440462,283.2727978671,0.790662641242799,8
"all","2011","Arizona",260.148005213826,1.24691574716839,279.033501713793,1.21820716223442,8
"all","2011","Arkansas",259.140937770185,0.917700207138297,279.088205018109,0.98036067059519,8
"all","2011","California",254.935218336086,1.01578269387809,272.769803091291,1.20086691663901,8
"all","2011","Colorado",270.636204320649,1.44913603105806,291.7426728709,1.10045749727068,8
"all","2011","Connecticut",274.681399470751,0.903661809521314,286.999944694085,1.08746250865876,8
"all","2011","Delaware",265.83947553632,0.640519097294382,282.769966403216,0.668584257817312,8
"all","2011","District of Columbia",242.056368171996,0.863555651707292,260.46687784992,0.683986356648727,8
"all","2011","DoDEA",272.349959976913,0.706271255241082,287.851166349466,0.785166074483811,8
"all","2011","Florida",262.121374840411,1.01950518503348,277.837035214102,0.842777030072685,8
"all","2011","Georgia",262.358643383963,1.05912083635795,278.483619188656,1.02604868144779,8
"all","2011","Hawaii",257.188010446519,0.654832166762302,277.836211052583,0.701570306201066,8
"all","2011","Idaho",268.014671593394,0.739559475092424,286.675063250389,0.776739824258495,8
"all","2011","Illinois",265.643729382276,0.819373386047445,283.228134687939,1.06209534398084,8
"all","2011","Indiana",264.729844537772,0.963221017817414,285.00291608665,0.990966453620009,8
"all","2011","Iowa",264.554527461826,0.981180746158203,284.920836058704,0.872979549224596,8
"all","2011","Kansas",267.336395789343,0.975288165750932,289.61928267474,0.884028425047255,8
"all","2011","Kentucky",268.833963566714,0.829452671690342,281.608809706829,0.89173831421577,8
"all","2011","Louisiana",254.688347843905,1.53594956555002,272.843333892634,1.15543963974769,8
"all","2011","Maine",269.872413013173,0.813809976561574,288.732297636602,0.769922658383772,8
"all","2011","Maryland",271.222896649808,1.15201995528358,287.997802255227,1.23180638004068,8
"all","2011","Massachusetts",275.36851762846,1.01486114621112,298.512431105164,0.810764855009261,8
"all","2011","Michigan",265.194041240472,0.917645601936813,280.176517968298,1.42165486500235,8
"all","2011","Minnesota",270.148960241064,1.04189889299411,294.946422810345,0.9782244963967,8
"all","2011","Mississippi",253.833440432713,1.2289944395213,269.235645624753,1.39584708693888,8
"all","2011","Missouri",266.762051349691,1.05125569062705,281.947646246654,1.13648492176045,8
"all","2011","Montana",272.874140765607,0.622991684346025,292.907804277033,0.643780329728596,8
"all","2011","Nebraska",267.703865188972,0.701604946362614,283.197044839966,0.787973547250221,8
"all","2011","Nevada",258.19326424884,0.908025933223222,278.113153726165,0.847563476427339,8
"all","2011","New Hampshire",272.078626455018,0.749312792149022,292.10873973776,0.670084864952001,8
"all","2011","New Jersey",275.183164316271,1.15797909643234,294.138771366004,1.16058744816619,8
"all","2011","New Mexico",255.86163460115,0.850182128206953,274.454701456959,0.831570890176152,8
"all","2011","New York",265.69702830715,1.1395900771438,280.453026092986,0.923012144367007,8
"all","2011","North Carolina",262.928956255321,0.920275861096385,286.267028242857,1.01231752972784,8
"all","2011","North Dakota",268.694217893061,0.690450203628112,291.998404485775,0.579772893910604,8
"all","2011","Ohio",268.283949224188,1.10071786513146,288.602596832439,1.03854703950873,8
"all","2011","Oklahoma",260.121264611744,1.0662760710442,279.179608185009,1.02617264372481,8
"all","2011","Oregon",264.225611626444,0.938188280106497,282.518206779261,1.03295936566428,8
"all","2011","Pennsylvania",267.750596675669,1.2619297450676,286.102741735941,1.15093385187182,8
"all","2011","Rhode Island",265.119556331117,0.679373100085586,282.875659622898,0.512033329277204,8
"all","2011","South Carolina",260.307019898795,0.949185083017943,281.000133716553,1.07713421320171,8
"all","2011","South Dakota",268.941537575366,0.754066657540431,290.61519679044,0.518391138343759,8
"all","2011","Tennessee",259.208370713199,1.01510235251148,274.038710319906,1.1665682086948,8
"all","2011","Texas",261.428390874698,0.989327234258816,290.346709355265,0.949055784123473,8
"all","2011","Utah",267.087406099162,0.803429734913803,283.308332086503,0.78244402676181,8
"all","2011","Vermont",273.840765049115,0.852069324533456,293.882577068531,0.71592579811713,8
"all","2011","Virginia",267.272891187823,1.16136425597795,289.255411153431,1.13203136931261,8
"all","2011","Washington",267.577473732317,0.973918033907,288.107761945489,1.01379984984619,8
"all","2011","West Virginia",256.106861556751,0.898247533871131,273.263173122564,0.719958479503593,8
"all","2011","Wisconsin",267.16702974162,0.92611044924402,288.665932686223,0.971400925228857,8
"all","2011","Wyoming",269.568729685871,0.966057412998122,287.767926048951,0.603081649624659,8
"all","2013","Alabama",257.427838227608,1.17749316829485,269.194280616502,1.3392396423735,8
"all","2013","Alaska",261.256092625584,0.830447245482248,281.559572836526,0.934322952968994,8
"all","2013","Arizona",260.448287236627,1.10125014628705,279.722267962505,1.21353264833761,8
"all","2013","Arkansas",261.964490796451,1.07801136748588,277.914802456258,1.07606379968577,8
"all","2013","California",261.502455658701,1.20127916350462,275.901350652197,1.17842361500894,8
"all","2013","Colorado",271.009086942572,1.14389181857401,289.68180010958,1.22532573977963,8
"all","2013","Connecticut",274.459542474537,1.00822966815366,285.243972274119,1.137820464521,8
"all","2013","Delaware",265.984981498562,0.684507279443229,282.338298596548,0.714813920695289,8
"all","2013","District of Columbia",247.739153738325,0.872515847938702,265.259365712508,0.897590598194258,8
"all","2013","DoDEA",276.994367424941,0.66024799027776,290.426593923566,0.751117458172847,8
"all","2013","Florida",265.828297127322,1.09371312606947,280.855839554008,0.811512830875569,8
"all","2013","Georgia",264.615713463699,1.195415304206,279.179110912454,1.21462079869004,8
"all","2013","Hawaii",259.960569546835,0.816816857804337,281.412922288425,0.771798635670385,8
"all","2013","Idaho",270.224168550562,0.845332102274229,286.413881629757,0.724409783546568,8
"all","2013","Illinois",266.898720958132,0.963881499626403,284.897647164169,0.9970547650782,8
"all","2013","Indiana",267.272974657765,1.15292083491633,287.767653833023,1.13196626064092,8
"all","2013","Iowa",269.003449619325,0.814924093516016,285.07013777479,0.928820186512321,8
"all","2013","Kansas",266.887523609855,0.976297045707988,289.518256078135,1.0345018618541,8
"all","2013","Kentucky",269.616471686598,0.847379613938684,280.64544247635,0.915339061680905,8
"all","2013","Louisiana",257.351242737394,1.01470107083901,272.760966478426,0.852075862795866,8
"all","2013","Maine",269.193764016326,0.798338305534818,288.731159737956,0.726086122914119,8
"all","2013","Maryland",273.801903090503,1.08316686293002,286.641381102957,1.06025086799196,8
"all","2013","Massachusetts",277.009559086016,0.957980022079189,300.568235011147,0.931632138521471,8
"all","2013","Michigan",265.942963067388,0.99151783613154,280.133597093752,1.32911323475354,8
"all","2013","Minnesota",271.019654579448,1.02257919517496,294.592972603507,1.02056696809836,8
"all","2013","Mississippi",253.147818177655,1.02954271650502,271.160967287249,0.938383588951133,8
"all","2013","Missouri",267.215011778953,1.13573927701245,282.988457911702,1.04123094342002,8
"all","2013","Montana",271.765782480696,0.80070269456937,289.228453008852,0.88862771069224,8
"all","2013","Nebraska",269.221914635868,0.841152738734295,285.061348473454,0.9113201068978,8
"all","2013","Nevada",261.695982235772,0.742811361382728,278.28668090862,0.723856811951581,8
"all","2013","New Hampshire",274.307731748779,0.771212567909868,295.665123344221,0.836860991002621,8
"all","2013","New Jersey",276.37798779341,1.05487905744701,296.053351131027,1.08191923183193,8
"all","2013","New Mexico",255.870077046042,0.750425981805063,272.761808894229,0.671420281473507,8
"all","2013","New York",266.346063235407,1.10126763742834,281.807787831651,0.912979119040177,8
"all","2013","North Carolina",264.540999710832,1.12524065687992,285.645388424867,1.14014486133101,8
"all","2013","North Dakota",267.779199654396,0.558530705080119,290.515111260981,0.545110039147619,8
"all","2013","Ohio",269.086973442103,1.01473482209759,289.528096752185,1.12386030557978,8
"all","2013","Oklahoma",261.931495221637,0.910880056310894,275.506732026577,1.03589682123179,8
"all","2013","Oregon",268.282662715666,0.901197175385957,283.524589064024,1.07341441939279,8
"all","2013","Pennsylvania",272.085365342425,1.0065362400229,289.623651633339,1.01723529632178,8
"all","2013","Rhode Island",266.677052388789,0.610081855066465,284.092212214805,0.569991821247639,8
"all","2013","South Carolina",261.449050699613,1.01358839117259,279.824608578537,1.09839071363482,8
"all","2013","South Dakota",268.100772835989,0.752173687136772,287.270390625653,0.712902622514347,8
"all","2013","Tennessee",265.359504625647,1.05874112392674,277.720127269641,1.26972159181349,8
"all","2013","Texas",263.684137731278,1.1351960003522,288.198967599188,1.00019781595893,8
"all","2013","Utah",270.041925765873,0.870027895203528,284.331486246838,0.890050963422527,8
"all","2013","Vermont",274.368547733738,0.664151221443892,295.469562357463,0.667606128250136,8
"all","2013","Virginia",267.589864309109,1.31623963580547,288.142959517699,1.19252254718765,8
"all","2013","Washington",272.036124410819,0.989792135439562,289.956988743835,1.01456914825171,8
"all","2013","West Virginia",257.383509312362,0.916328216702907,274.430134697899,0.90757255134338,8
"all","2013","Wisconsin",267.542994187833,0.94276358912577,288.745780841654,0.870916322624152,8
"all","2013","Wyoming",270.966172221906,0.602450785395664,288.119137263578,0.537064910506315,8
"male","2003","Alabama",245.829147786594,1.52253229504053,262.637673541347,1.77383116813304,8
"male","2003","Alaska",250.254652302714,1.75905438462126,280.210024647097,1.30004838449556,8
"male","2003","Arizona",250.615479321733,1.48868220150442,271.193841913532,1.33802939324817,8
"male","2003","Arkansas",253.521076303413,1.30682982246164,264.86802350135,1.53633154667951,8
"male","2003","California",247.168295644229,1.46647519541532,267.997403635212,1.51965394319164,8
"male","2003","Colorado",261.501800900866,1.47410685666641,283.707110632421,1.37745805962201,8
"male","2003","Connecticut",261.516200906587,1.42527946463283,284.611573361165,1.47821346810245,8
"male","2003","Delaware",259.796072354375,0.93763748496247,278.418542003051,0.994660532628772,8
"male","2003","District of Columbia",231.473494241864,1.1804569745259,241.523853045204,1.29733713153475,8
"male","2003","DoDEA",266.786425059454,0.932894040998603,286.505122541029,0.892266679866769,8
"male","2003","Florida",250.975676061187,1.49599240577661,273.265906441216,1.85300514645183,8
"male","2003","Georgia",252.537005399584,1.24304112446303,270.407855071614,1.47589212954357,8
"male","2003","Hawaii",244.589080363212,1.33930980633816,265.441447549709,1.19851327621811,8
"male","2003","Idaho",258.37843590321,1.2301224542971,280.546709582022,1.09561796633613,8
"male","2003","Illinois",263.578195333497,1.2026997896869,278.049482241544,1.4346362719399,8
"male","2003","Indiana",259.246835367684,1.55453733337828,282.435162608821,1.42491429785022,8
"male","2003","Iowa",261.344064555722,1.29826949354205,285.271692133876,1.03217398023228,8
"male","2003","Kansas",259.747774957091,1.93278645936145,284.245653693523,1.53100564791312,8
"male","2003","Kentucky",260.685312842614,1.56610039829627,274.51240391435,1.44000106732461,8
"male","2003","Louisiana",248.17745941429,1.85683474469185,267.130909021789,1.63472608560258,8
"male","2003","Maine",261.710975758471,1.36701743259631,282.96885898407,1.03051562294544,8
"male","2003","Maryland",254.934404091578,1.68197672573998,279.401233103353,1.40733329500224,8
"male","2003","Massachusetts",267.794442456965,1.26982265861399,289.280004952072,1.02143417882046,8
"male","2003","Michigan",259.023885601824,2.09906273761837,276.925441911847,2.25033245924275,8
"male","2003","Minnesota",261.225816279192,1.3838584737817,289.231582641584,1.39788276946546,8
"male","2003","Mississippi",249.442825540781,1.51865170801868,262.133694115759,1.46842495588795,8
"male","2003","Missouri",263.332172589617,1.1946284656055,280.046507580413,1.16315417008246,8
"male","2003","Montana",263.903422494274,1.24492389376321,285.887574347136,0.926013010750768,8
"male","2003","Nebraska",261.186075268953,1.12278226234787,283.730172011836,1.33566024978871,8
"male","2003","Nevada",246.171180555025,1.26291785402516,268.091172030186,1.09881775446353,8
"male","2003","New Hampshire",265.232879781616,1.26947046202106,286.869730765742,0.993718365242621,8
"male","2003","New Jersey",263.495316977437,1.38544991292065,282.052719876665,1.33716218961882,8
"male","2003","New Mexico",246.185897434589,1.18951604977295,264.023174699209,1.10628891766987,8
"male","2003","New York",259.142294862867,1.61061538090169,280.966596783273,1.06498951032995,8
"male","2003","North Carolina",256.276101353665,1.28315977090959,280.618025596334,1.36989548822563,8
"male","2003","North Dakota",264.474201974225,1.04663320387239,287.258692582101,1.03300491743706,8
"male","2003","Ohio",263.086767972651,1.4399756454065,282.647148847329,1.4874534514995,8
"male","2003","Oklahoma",255.603202632117,1.15976588544799,272.216002543643,1.41194032513926,8
"male","2003","Oregon",258.694185579328,1.61167058752252,282.000953138048,1.48974597159949,8
"male","2003","Pennsylvania",258.55134790244,1.43702434877652,280.323145423488,1.21852704247383,8
"male","2003","Rhode Island",255.602293552423,1.26546237489287,272.601500894856,1.14821078243384,8
"male","2003","South Carolina",253.168618621289,1.47817389173473,280.064639341238,1.55701768457725,8
"male","2003","South Dakota",264.615186899966,1.15029428954366,285.858254213264,0.917599043350512,8
"male","2003","Tennessee",251.973020193756,1.46357047893596,268.00826469266,2.07456949833581,8
"male","2003","Texas",253.252931773703,1.39697572846075,278.082292334271,1.37391211806951,8
"male","2003","Utah",258.958677257102,1.14058678353573,281.658733303395,1.32153751235203,8
"male","2003","Vermont",264.772290636693,1.24674107629373,285.726764120679,1.12067348326965,8
"male","2003","Virginia",263.3978949298,1.08317818766558,283.285744712916,1.24520201732842,8
"male","2003","Washington",258.355030582731,1.35772868268998,281.729736057822,1.10743858732253,8
"male","2003","West Virginia",253.832804601826,1.46631371635108,270.822267219322,1.26492682474102,8
"male","2003","Wisconsin",259.465554285788,1.56357380551003,284.208909533282,1.49414924065818,8
"male","2003","Wyoming",262.342596266743,0.97546615443623,283.833536528095,0.94991017668428,8
"male","2005","Alabama",244.525172204252,1.66275613469523,260.61133247211,1.67399523794457,8
"male","2005","Alaska",252.708354296184,1.23334430675404,280.094417199406,1.11176297943065,8
"male","2005","Arizona",249.42366527127,1.29829069108624,274.420801569254,1.39476753570609,8
"male","2005","Arkansas",252.156479937536,1.33068433454238,270.371241097814,1.38472729387452,8
"male","2005","California",245.69333259428,0.744034780661954,269.152500061406,0.858009480916351,8
"male","2005","Colorado",261.473523070566,1.27817514527168,280.827981528762,1.64505954733905,8
"male","2005","Connecticut",258.47576527375,1.43834523081104,281.015477512034,1.61105347813707,8
"male","2005","Delaware",261.207949002342,0.856247481096695,282.576278257218,0.981216147925747,8
"male","2005","District of Columbia",229.957644762417,1.25290317870046,245.600156055082,1.19011003829621,8
"male","2005","DoDEA",265.781197928512,0.917444999697747,284.691736237809,1.12312395006777,8
"male","2005","Florida",249.245929253267,1.53077446460321,275.968264310368,1.3258426044885,8
"male","2005","Georgia",250.931067844586,1.54792426845515,272.562108341371,1.36219523541152,8
"male","2005","Hawaii",241.80978970337,1.4442273238717,265.066082069562,1.00757533693755,8
"male","2005","Idaho",258.06522000296,1.41027294972336,280.320917560009,1.4091083372494,8
"male","2005","Illinois",258.222357475188,1.36120690696226,278.936648650756,1.16566803361517,8
"male","2005","Indiana",255.666675211164,1.36823435894213,283.152298897642,1.23163301660647,8
"male","2005","Iowa",261.283117033833,1.21043934623226,283.130698383129,1.13658151275999,8
"male","2005","Kansas",262.497710691529,1.19282910997273,284.598228177522,1.32144495290123,8
"male","2005","Kentucky",258.106700222477,1.42491624951951,274.966011428349,1.45313579797872,8
"male","2005","Louisiana",246.685602269205,1.8504663421144,267.253665296523,1.49648879030928,8
"male","2005","Maine",263.776180820562,1.07489296006292,281.714165410059,1.20112352883627,8
"male","2005","Maryland",255.847714637211,1.49365764589719,277.779992466659,1.34703795206227,8
"male","2005","Massachusetts",268.828887470174,1.13464142935018,290.743823002023,1.23269541011959,8
"male","2005","Michigan",256.492589862351,1.53501121241272,279.438581344757,1.71470464842398,8
"male","2005","Minnesota",262.931276351825,1.43112706938337,290.812700527832,1.45793334747737,8
"male","2005","Mississippi",245.88367077096,1.36323013347739,262.765005020648,1.40941312613954,8
"male","2005","Missouri",259.529508818912,1.3052963961865,278.040200277908,1.6245181411988,8
"male","2005","Montana",264.752119376981,1.08448042845252,285.99067245597,1.14532623372956,8
"male","2005","Nebraska",261.136409469132,1.03718789458657,285.366241059563,1.12884240637823,8
"male","2005","Nevada",247.332559413039,1.26286464573838,270.465962950694,0.872400406181493,8
"male","2005","New Hampshire",264.299095673991,1.3206221834987,285.978477885945,1.09741087292836,8
"male","2005","New Jersey",265.668257552977,1.44046256075368,285.544358364273,1.67035448698366,8
"male","2005","New Mexico",247.231170623718,1.25660406336504,264.22146696053,1.320338233413,8
"male","2005","New York",259.970450237293,1.25209952844493,279.92996494794,1.00684755734165,8
"male","2005","North Carolina",251.062098576363,1.17068766216323,281.352290458141,1.18625564775366,8
"male","2005","North Dakota",266.928497646659,0.982110651931902,287.379593069238,0.963263234028266,8
"male","2005","Ohio",261.347634265833,1.4990104381473,284.182205721306,1.21828481893398,8
"male","2005","Oklahoma",254.35079211501,1.26800311922554,271.549329287975,1.2745768487748,8
"male","2005","Oregon",258.239903541048,1.5093807537639,283.526657128135,1.21865176455672,8
"male","2005","Pennsylvania",262.234676455225,1.65962882890057,282.669224040596,1.77397838775906,8
"male","2005","Rhode Island",256.3120611901,0.950898065563687,272.173456176644,1.01692345930475,8
"male","2005","South Carolina",251.729919385503,1.34232957884442,281.697140675666,1.18113733233006,8
"male","2005","South Dakota",263.95309415827,1.04648066015813,287.364819984115,0.831808594820015,8
"male","2005","Tennessee",254.658060712392,1.11764656460159,270.086712212737,1.38017565054568,8
"male","2005","Texas",253.805064267231,0.888075855765707,282.792318554281,0.829853979954635,8
"male","2005","Utah",254.962064980974,0.997731059324682,279.987287355646,0.992534499033774,8
"male","2005","Vermont",262.181673116193,1.07604845556804,287.348418984443,1.02664451277356,8
"male","2005","Virginia",262.939428699185,1.36175174950162,285.457743591556,1.49770653014388,8
"male","2005","Washington",259.901968244196,1.66584368156711,284.949829648742,1.27882498582312,8
"male","2005","West Virginia",249.771895702715,1.68967909958793,268.459729769287,1.29790314513999,8
"male","2005","Wisconsin",260.502718638955,1.40988381313636,284.649477510655,1.37146307760457,8
"male","2005","Wyoming",264.324214786862,1.03634491617949,282.839353284695,0.898466056652363,8
"male","2007","Alabama",247.087911378072,1.20716379960477,266.918751087963,1.98416081391371,8
"male","2007","Alaska",253.394481936223,1.19307686617129,282.490188649258,1.47470695100134,8
"male","2007","Arizona",250.622100534244,1.35281927088397,277.243160140139,1.6050176463949,8
"male","2007","Arkansas",252.606933860277,1.46048053961455,273.674079836349,1.59708498780658,8
"male","2007","California",246.075387117648,0.795892035269933,270.359305093236,0.885226488579411,8
"male","2007","Colorado",261.535040104627,1.14075162995108,286.806252798001,1.21372867028966,8
"male","2007","Connecticut",262.420828058291,1.94307835003728,281.674705021194,1.86611141649524,8
"male","2007","Delaware",259.908233408552,0.733262657101486,284.92782441517,0.764928488649995,8
"male","2007","District of Columbia",235.208265316057,1.44737550585269,248.043699781548,1.67590054886842,8
"male","2007","DoDEA",266.870471110833,1.07881544566115,285.04928516419,1.11121458122352,8
"male","2007","Florida",253.856485173397,1.31231149359499,277.831332767336,1.41311177326505,8
"male","2007","Georgia",253.325518201517,1.32560185413971,275.481786611284,1.16865189045409,8
"male","2007","Hawaii",244.159324374825,1.01887278638732,267.30601162928,1.09033734129102,8
"male","2007","Idaho",260.405988599853,1.09983177835395,284.952652577763,1.03801753043092,8
"male","2007","Illinois",258.620171230069,1.25457314813034,281.582586385064,1.4841085664477,8
"male","2007","Indiana",258.555549409799,1.48604283815369,285.91333129485,1.38320786605545,8
"male","2007","Iowa",263.385846551529,1.14362881670924,286.83672861154,1.15835258785388,8
"male","2007","Kansas",262.712159488294,1.03214920727546,290.634224795634,1.34800105450413,8
"male","2007","Kentucky",257.426152515235,1.10366599233677,280.161697933361,1.54834487344519,8
"male","2007","Louisiana",248.3845982355,1.34022906711219,273.015975935271,1.3189048475363,8
"male","2007","Maine",263.952402424478,1.10890422826499,287.976008842905,1.09008100518268,8
"male","2007","Maryland",260.336119560745,1.73468725267859,287.393317434649,1.39900056057622,8
"male","2007","Massachusetts",268.580539645377,1.12334720731275,300.189069648581,1.31545342797969,8
"male","2007","Michigan",254.955833416204,1.46565089487426,278.297095590264,1.48641697820387,8
"male","2007","Minnesota",262.585145294304,1.20748955806858,292.001281605066,1.23995597409531,8
"male","2007","Mississippi",245.55284965522,1.16733288066555,266.145247040799,1.20129304787825,8
"male","2007","Missouri",258.986730258854,1.25852806605673,281.951592492624,1.23743276544326,8
"male","2007","Montana",264.935581062839,1.14868221618007,287.186379163727,1.12711280497221,8
"male","2007","Nebraska",262.00611631294,1.19749444219191,284.971384129052,1.14853869232082,8
"male","2007","Nevada",245.040742182517,1.18622545397524,271.4383085797,1.2994850300447,8
"male","2007","New Hampshire",264.022192888418,1.01796963758985,287.951930196831,0.92222504899035,8
"male","2007","New Jersey",266.013233267553,1.23450937214337,289.597262609731,1.46005040329296,8
"male","2007","New Mexico",247.296362220728,1.19452009714045,268.063471572145,1.19980989428182,8
"male","2007","New York",258.074279661098,1.37833757358321,280.647518055609,1.18903892895285,8
"male","2007","North Carolina",253.857309895575,1.41712001499931,285.086286050621,1.36164668849124,8
"male","2007","North Dakota",264.189622623502,0.872320602440317,293.130878147384,0.942495693554316,8
"male","2007","Ohio",263.81524297814,1.48013388459916,286.289732555125,1.5578926305,8
"male","2007","Oklahoma",255.299340064039,1.06496464067897,276.553967527217,1.20708926906792,8
"male","2007","Oregon",260.202396825743,1.29987037022001,284.546736610138,1.40210981434439,8
"male","2007","Pennsylvania",264.81914517045,1.6465542495973,288.771617725774,1.41978999379727,8
"male","2007","Rhode Island",255.513687923651,1.26070139301617,275.696109446706,0.954175356010218,8
"male","2007","South Carolina",252.846187122173,1.20357621315414,281.409605129382,1.4845862781926,8
"male","2007","South Dakota",265.597517509732,1.00306221640854,289.665188283724,1.11357215273071,8
"male","2007","Tennessee",253.695041000663,1.34412207379741,276.701195256269,1.4300371659753,8
"male","2007","Texas",255.983260016936,1.123695643182,287.095080627857,1.20817840121365,8
"male","2007","Utah",257.992820894393,1.25120216729177,282.460051324604,1.05970558420824,8
"male","2007","Vermont",267.598992904994,1.27275905084013,291.939132742914,1.04330971603218,8
"male","2007","Virginia",261.687447882752,1.15238330858054,289.28188725514,1.25958037630558,8
"male","2007","Washington",259.503966098681,1.25084081366676,284.623112594848,1.26813181749125,8
"male","2007","West Virginia",247.982790437705,1.35949464746702,271.37033035099,1.27830946893341,8
"male","2007","Wisconsin",256.801073148702,1.18823358256281,287.04187815091,1.28772824581865,8
"male","2007","Wyoming",261.224240472851,1.04939148122093,287.688233794108,1.11353820389091,8
"male","2009","Alabama",248.745530354511,1.31562406259141,268.234308640771,1.44536716692089,8
"male","2009","Alaska",254.152612915222,1.34628201161243,283.015823428521,1.07648673259622,8
"male","2009","Arizona",254.479692572743,1.40658547035204,278.759179790564,1.84940689191301,8
"male","2009","Arkansas",253.815747179939,1.38803161298849,275.18489270921,1.3870494315125,8
"male","2009","California",248.295426955214,1.380712013654,272.408085045284,1.48572613914772,8
"male","2009","Colorado",261.610454216534,1.12040104626803,288.957164677611,1.6757442825787,8
"male","2009","Connecticut",267.016380403432,1.1491524593679,287.974900252105,1.18707965158867,8
"male","2009","Delaware",260.138984013165,1.04708022149644,284.199242610092,0.847087738688676,8
"male","2009","District of Columbia",236.237058548952,1.35786219509588,251.813817941521,1.39485305264843,8
"male","2009","DoDEA",268.968672064513,1.03626252481505,288.495645542111,1.08345637968889,8
"male","2009","Florida",259.260502107328,1.46952404396783,280.627833600896,1.3825596862192,8
"male","2009","Georgia",254.91627064121,1.24885828008046,276.930376795072,1.1316756699408,8
"male","2009","Hawaii",247.544529137449,0.888159843034116,271.233371636246,1.23896049239984,8
"male","2009","Idaho",258.59334959034,1.10383429168023,288.114848145089,1.14680914596403,8
"male","2009","Illinois",260.24769415815,1.53302677375296,284.315884453154,1.21259690602372,8
"male","2009","Indiana",262.833572914189,1.28057862664456,288.455278991817,1.26667943251281,8
"male","2009","Iowa",260.550161670604,1.1990956998269,284.747299034789,1.25994266754106,8
"male","2009","Kansas",264.509451792666,1.34243680039509,290.199338287998,1.23810978435855,8
"male","2009","Kentucky",262.56276030306,1.14153830784598,280.892899272593,1.43182102583154,8
"male","2009","Louisiana",248.273288466248,1.68048701957921,272.148872749204,1.68836057307613,8
"male","2009","Maine",262.443592680699,0.935311102000524,288.437888166851,0.960170929972163,8
"male","2009","Maryland",262.207042206398,1.20252096278469,289.762800197972,1.4508264924433,8
"male","2009","Massachusetts",268.591122161759,1.39082024391285,300.051921601185,1.52854709105301,8
"male","2009","Michigan",256.555665034134,1.60525539334679,279.590335663471,1.85091703128562,8
"male","2009","Minnesota",264.725034380263,1.23332143974398,295.911586906589,1.38022936638677,8
"male","2009","Mississippi",247.563279066572,1.16882569083666,265.065578282939,1.47850430163164,8
"male","2009","Missouri",261.807318036502,1.14807144921482,286.850255283527,1.22131473552593,8
"male","2009","Montana",265.202766002177,0.900447700889789,292.152824164444,1.27233610260069,8
"male","2009","Nebraska",262.665122954311,1.13252690266725,285.888111801252,1.3707368138029,8
"male","2009","Nevada",247.548439258512,1.26346049181163,274.98559855,1.22433268758943,8
"male","2009","New Hampshire",264.368734754403,1.3427871005739,292.910251226747,1.15863288172841,8
"male","2009","New Jersey",268.683763044268,1.57665985406971,294.820662570222,1.679916882952,8
"male","2009","New Mexico",251.494203530798,1.34241191725653,270.761160446529,1.15072165223516,8
"male","2009","New York",258.898568592282,1.38821517041174,283.473029967403,1.39145285980832,8
"male","2009","North Carolina",252.867515848834,1.20228396008311,284.202576479745,1.51487939794765,8
"male","2009","North Dakota",264.523320514044,1.04188338314559,294.325528548601,1.03258378917656,8
"male","2009","Ohio",265.193340023494,1.51538867169359,286.984190100557,1.24888361718302,8
"male","2009","Oklahoma",254.97812030156,0.993588708208814,277.592483757514,1.41445972765995,8
"male","2009","Oregon",260.207641782295,1.28512198529761,286.678153472189,1.36238287454891,8
"male","2009","Pennsylvania",266.978476252429,1.22726088989238,289.930989355685,1.33201340646092,8
"male","2009","Rhode Island",254.697583898512,0.917782435827875,278.203728058206,1.06601338359621,8
"male","2009","South Carolina",250.930218834762,1.18210091382152,280.92947634164,1.40809990957,8
"male","2009","South Dakota",265.525696694274,0.973890799693582,292.038908982811,0.801276923755221,8
"male","2009","Tennessee",257.187491135011,1.30858535647991,274.551591404111,1.43931564155514,8
"male","2009","Texas",256.428801955938,1.19247775213007,287.388568063723,1.43849708938369,8
"male","2009","Utah",260.343704360548,0.965729350259557,284.997454188405,1.00331216884161,8
"male","2009","Vermont",266.636988034319,0.876662606532343,294.132701996046,0.925170628630316,8
"male","2009","Virginia",260.29649467148,1.24955609497358,287.349772423821,1.16361217032601,8
"male","2009","Washington",261.422372282738,1.54125690634672,289.828118913926,1.18902652586741,8
"male","2009","West Virginia",247.979106089855,0.939819815680229,270.504575123209,1.23964205095783,8
"male","2009","Wisconsin",260.472762269395,1.13100503429392,289.396159643852,1.09396796503205,8
"male","2009","Wyoming",265.005590619708,1.27466589096358,288.077600482455,1.02694969886781,8
"male","2011","Alabama",254.257390007202,1.84104265446768,269.147982496281,1.57972352365529,8
"male","2011","Alaska",255.917424193686,1.17370454165766,282.771891975072,1.34295981110175,8
"male","2011","Arizona",255.156782083554,1.59027069058168,281.580794182256,1.48995195082722,8
"male","2011","Arkansas",254.08689626375,1.31173697465624,280.420031111117,1.22099069636255,8
"male","2011","California",248.978141969692,1.22614985926989,272.886064868208,1.53674744426618,8
"male","2011","Colorado",267.518206752367,1.2884176920657,291.35398777689,1.22139600292731,8
"male","2011","Connecticut",270.438986102114,1.34863563739721,288.127246750933,1.42604792094313,8
"male","2011","Delaware",260.472628061303,0.979104782035123,281.898531558073,0.9921107801445,8
"male","2011","District of Columbia",234.395720512653,1.39028429224557,258.957968857836,1.15831104762219,8
"male","2011","DoDEA",268.375966286492,1.09677293116747,288.511433229419,1.17200782648566,8
"male","2011","Florida",257.498445542162,1.32238762290463,278.255944024388,0.975902344978483,8
"male","2011","Georgia",257.705317785494,1.33466881221581,278.787932982498,1.26520037095458,8
"male","2011","Hawaii",251.727101590473,0.973970690721521,276.905433463988,0.981691087887702,8
"male","2011","Idaho",263.809124352339,1.01720965391402,287.015200324357,1.13698936169882,8
"male","2011","Illinois",260.784448061295,1.26406446246835,283.490839605596,1.29599114351549,8
"male","2011","Indiana",259.840483629683,1.19380103024407,285.164106207531,1.24347725671385,8
"male","2011","Iowa",260.503029305286,1.21173184358483,285.576588065942,1.03884289094769,8
"male","2011","Kansas",262.730459144571,1.45058422139392,290.530469373159,1.15147921206578,8
"male","2011","Kentucky",264.213230474995,1.07152679164644,282.296481241051,1.22884175985414,8
"male","2011","Louisiana",250.585141453444,1.86876197115499,271.835643422968,1.2959254911858,8
"male","2011","Maine",265.146709718192,1.13273545651048,288.26775708448,1.04891593199612,8
"male","2011","Maryland",267.003924950187,1.2812173332797,289.296102246987,1.36598659800628,8
"male","2011","Massachusetts",271.086082177639,1.27165768423971,298.882566388157,1.1845041159557,8
"male","2011","Michigan",259.68654897692,1.20841729132701,281.547987259306,1.51604046215998,8
"male","2011","Minnesota",266.236503979166,1.31995002236917,294.556294428413,1.05011671463787,8
"male","2011","Mississippi",248.525750039345,1.4375261250019,266.992034822231,1.57057971490946,8
"male","2011","Missouri",261.201221665636,1.19620947053349,282.683707691171,1.36086583387649,8
"male","2011","Montana",267.696890574043,0.905869262488397,292.666407555909,0.912497266852831,8
"male","2011","Nebraska",263.501734265132,1.12089781398723,284.323614924252,1.10363846410814,8
"male","2011","Nevada",252.198321085116,1.09873634290905,279.029474992486,1.2364500201142,8
"male","2011","New Hampshire",267.793707394207,1.0813612928721,292.165069267354,1.00630848216818,8
"male","2011","New Jersey",270.288131305829,1.51184119890279,294.463788493501,1.69340524016736,8
"male","2011","New Mexico",252.056735915775,1.02858355349408,274.895216631172,0.967281618291568,8
"male","2011","New York",261.199203868397,1.38188826590614,280.209762289431,1.09805008484612,8
"male","2011","North Carolina",256.12624105093,1.14561235685385,285.434838694013,1.42721285629335,8
"male","2011","North Dakota",264.183749312385,0.805982537277796,293.395938302211,0.912810892661333,8
"male","2011","Ohio",263.353268934621,1.39091385188708,289.625882174989,1.29625671507051,8
"male","2011","Oklahoma",256.017894905344,1.39998078643282,280.114023457958,1.3128126783335,8
"male","2011","Oregon",259.515645436661,1.03098165975298,285.06754781107,1.14347924671611,8
"male","2011","Pennsylvania",263.106033068563,1.38400407389551,287.155345787512,1.47384646512773,8
"male","2011","Rhode Island",260.075701201051,1.08816877218645,283.052474403683,0.950365771370699,8
"male","2011","South Carolina",255.326709282881,1.36512689746306,280.226153838927,1.34976689224148,8
"male","2011","South Dakota",265.156687951049,0.918151843914968,291.115452632503,0.805049338360729,8
"male","2011","Tennessee",254.556583708574,1.32443513140686,275.822298298261,1.33096085533158,8
"male","2011","Texas",259.840086025012,1.19750638214853,290.797490970487,1.29571500985619,8
"male","2011","Utah",261.940266178807,1.18045060192945,285.179453789024,1.03276152594173,8
"male","2011","Vermont",267.942295584796,1.03119416382378,293.674161528382,1.02445678466759,8
"male","2011","Virginia",263.259546822697,1.30769094685954,289.465692565911,1.242239959436,8
"male","2011","Washington",261.258727444466,1.41402595203841,287.851740120399,1.2849086534626,8
"male","2011","West Virginia",249.643841317533,1.31112362062503,273.99964964113,0.912075526141766,8
"male","2011","Wisconsin",262.402850467953,1.04667261241508,290.293381622871,1.15200145784319,8
"male","2011","Wyoming",265.342333844492,1.31741311787072,290.239472244275,0.943408282915709,8
"male","2013","Alabama",252.909376479195,1.58976969660012,269.457455785562,1.56668686937091,8
"male","2013","Alaska",254.478357285513,1.18797553869578,281.723376175464,1.35010972798794,8
"male","2013","Arizona",256.309332828279,1.26098134807176,280.174388600923,1.4955080712009,8
"male","2013","Arkansas",256.72719508178,1.33713013237867,277.457662328569,1.45124621324077,8
"male","2013","California",256.503048493584,1.28270587799396,277.167170641967,1.258099236046,8
"male","2013","Colorado",267.15708847269,1.23185926949593,289.454320290854,1.56907501231906,8
"male","2013","Connecticut",268.552535036854,1.25555114809235,285.474592022455,1.43667333217538,8
"male","2013","Delaware",261.008261582546,1.04088922464478,283.83045499023,0.994867372237664,8
"male","2013","District of Columbia",240.841626046992,1.37054421089449,264.176534273531,1.44753179890588,8
"male","2013","DoDEA",274.013472277161,0.884931009308099,292.147144101853,1.01627052782734,8
"male","2013","Florida",260.011458035675,1.18993799033118,281.654865567404,0.948323150533845,8
"male","2013","Georgia",259.676888849088,1.26990334759992,279.446738578749,1.47933584622655,8
"male","2013","Hawaii",254.148164459183,1.09498239118764,279.503380760588,1.10627227972152,8
"male","2013","Idaho",264.616966649948,1.06500773590189,286.976905900932,1.14778646331379,8
"male","2013","Illinois",262.821698763525,1.02774384792727,285.037468027285,1.22826834997227,8
"male","2013","Indiana",262.449496851515,1.30629245478398,288.213645237941,1.28470252286001,8
"male","2013","Iowa",264.990747688262,1.0020722451476,285.734438938342,1.33037174807499,8
"male","2013","Kansas",263.158636723272,1.2779053159736,290.261605782511,1.43591378444665,8
"male","2013","Kentucky",266.440889388585,1.094718816946,280.989580091595,1.03425809230196,8
"male","2013","Louisiana",252.536384246714,1.37950345587628,272.610984383101,1.23263302771156,8
"male","2013","Maine",262.455933649733,1.11809051637148,290.310424976892,1.07922578964437,8
"male","2013","Maryland",269.063674061664,1.43065661888015,286.397218281807,1.29269533840638,8
"male","2013","Massachusetts",272.582866949534,1.16467610854126,300.904211949953,1.23250955648752,8
"male","2013","Michigan",261.548561351281,1.2023663211274,279.713426352516,1.44994546869171,8
"male","2013","Minnesota",265.733817925226,1.16792049759666,295.404317606613,1.32267439749065,8
"male","2013","Mississippi",247.579417531786,1.20193754323494,271.109403611428,1.37152186565009,8
"male","2013","Missouri",261.450852032338,1.43470218596073,282.657908740772,1.26088813900564,8
"male","2013","Montana",267.445791265889,1.03628492835937,289.053256778653,1.02310602988604,8
"male","2013","Nebraska",264.988243361046,1.06224449738375,284.871869536404,1.20085544218826,8
"male","2013","Nevada",256.501548289117,1.07737072038352,279.090455547101,0.974910356280051,8
"male","2013","New Hampshire",269.133283978679,1.0140010761031,295.229753306192,1.22233400601223,8
"male","2013","New Jersey",271.372109696157,1.34549738183415,295.223058218423,1.37879217832288,8
"male","2013","New Mexico",252.207343272956,0.970225234924309,272.756075673858,0.965997369781334,8
"male","2013","New York",260.726756119909,1.39768873731073,280.379928837538,0.977013759817019,8
"male","2013","North Carolina",258.192102393026,1.13921455274857,285.466839751622,1.43618081200312,8
"male","2013","North Dakota",262.982548648635,0.815336701518298,290.802637501395,0.798726407056235,8
"male","2013","Ohio",264.089080031384,1.39551251196712,289.993062230252,1.51714438869208,8
"male","2013","Oklahoma",258.331060449124,1.1674327166875,274.832878011673,1.19893322582975,8
"male","2013","Oregon",262.589924064253,1.17073310271597,284.638917196177,1.30307015407125,8
"male","2013","Pennsylvania",268.991229658818,1.20486997988363,290.340627898997,1.07041278662178,8
"male","2013","Rhode Island",261.301433664477,0.88165541131219,284.310518198129,0.944967282556075,8
"male","2013","South Carolina",255.534665241403,1.33955083323967,280.812609752728,1.28048328059173,8
"male","2013","South Dakota",262.165567732798,0.947852935196641,287.763809267616,0.972460760950065,8
"male","2013","Tennessee",261.775826502977,1.23233498137369,277.773515673958,1.55549118547122,8
"male","2013","Texas",259.558163547908,1.35519886074183,288.563079728474,1.18944779169454,8
"male","2013","Utah",265.410259004036,1.16468877470862,284.868183297033,1.33607729089437,8
"male","2013","Vermont",268.848591433957,0.959776096345368,294.792950483158,0.838859478668302,8
"male","2013","Virginia",262.487617070136,1.4460229218965,287.504852868011,1.55550070309029,8
"male","2013","Washington",267.75611374686,1.28322812108855,290.47568171472,1.23690402888175,8
"male","2013","West Virginia",251.351233554993,1.28259530216861,274.493147835886,1.19806361260708,8
"male","2013","Wisconsin",260.783124296713,1.09989449438888,288.699963228296,1.12391803386618,8
"male","2013","Wyoming",265.059804449054,0.817344391824949,289.561862865123,0.868923472551405,8
"female","2003","Alabama",260.535890986142,1.95338641178623,261.203287338296,1.57621575461636,8
"female","2003","Alaska",262.866569671718,1.36214652811375,277.792918745407,1.1718555850998,8
"female","2003","Arizona",260.141346614398,1.68719098820086,271.160084143646,1.43252305981103,8
"female","2003","Arkansas",262.607136328835,1.66820559195953,266.766116414305,1.42534085426287,8
"female","2003","California",255.022718007948,1.53539685900137,266.068318287985,1.32494631343476,8
"female","2003","Colorado",273.893083286942,1.53767760882965,283.085255908908,1.22975043111978,8
"female","2003","Connecticut",272.926076584606,1.25431784030573,282.876901073844,1.40070890175232,8
"female","2003","Delaware",269.616165829404,0.972932425535629,275.857684744943,0.968524933790323,8
"female","2003","District of Columbia",245.369410617519,1.1615355210907,244.430823644928,1.16900579628247,8
"female","2003","DoDEA",276.986900036635,0.727448283182799,283.034022321704,0.926921388476221,8
"female","2003","Florida",263.438033871355,1.5582233043798,269.407559937367,1.5111434528037,8
"female","2003","Georgia",262.945126572838,1.27408299062397,268.95237445966,1.21166843964613,8
"female","2003","Hawaii",258.286056636626,1.2377120656541,266.010620360491,1.00840052812471,8
"female","2003","Idaho",270.571278046672,1.01921734213011,279.299311400297,1.12054434393257,8
"female","2003","Illinois",269.155381446258,1.1390196759073,276.276714899931,1.23278270657055,8
"female","2003","Indiana",270.205345806169,1.21880179983418,279.991612042549,1.19705649346171,8
"female","2003","Iowa",273.366208054546,0.958430600929709,282.525914161221,1.0691320713967,8
"female","2003","Kansas",272.256449027982,1.3335054737955,284.133977505053,1.3735825509312,8
"female","2003","Kentucky",271.784328452095,1.45262521677559,274.046838041692,1.4360902675668,8
"female","2003","Louisiana",258.320778036322,1.63009561005845,265.553562475478,1.69322569581798,8
"female","2003","Maine",275.162256202724,1.1979438101507,280.829009975214,1.0610132940815,8
"female","2003","Maryland",268.566432429477,1.62656956044047,276.001000142633,1.17897170455737,8
"female","2003","Massachusetts",278.096781811951,1.01538352024152,283.679090093024,1.20828664464385,8
"female","2003","Michigan",269.751471081739,1.953529578932,275.97098157513,1.97554497695233,8
"female","2003","Minnesota",274.394511788407,1.36018676927426,292.149408210904,1.06164564704117,8
"female","2003","Mississippi",260.423287494065,1.48655793492855,259.734689458815,0.960232954228637,8
"female","2003","Missouri",271.242031658466,1.27680741374002,277.530671730155,1.36540515443099,8
"female","2003","Montana",275.847406444714,1.15602454326522,285.970832130925,1.01524617906169,8
"female","2003","Nebraska",271.251149788713,1.14841099329817,280.547176729331,1.0210130453865,8
"female","2003","Nevada",258.318643528505,1.05901188677832,267.997507279358,1.04593969641306,8
"female","2003","New Hampshire",276.017422190065,1.15318203974402,285.500431560589,1.06837542687499,8
"female","2003","New Jersey",272.298864605947,1.48774012347878,280.726812617862,1.39200894030067,8
"female","2003","New Mexico",256.930737040219,1.00876655749471,262.54684712587,1.30274789097255,8
"female","2003","New York",271.137367883962,1.37190614015703,278.501947828282,1.50691804003215,8
"female","2003","North Carolina",267.123619961392,1.0532036945683,281.852488597604,1.17701873439372,8
"female","2003","North Dakota",274.941795028588,1.23661972033821,287.015187634574,1.01194596167769,8
"female","2003","Ohio",269.808876447989,1.45791667271343,280.57256161994,1.42505271376907,8
"female","2003","Oklahoma",267.63700989097,1.2053742452464,271.566024913602,1.15338377919493,8
"female","2003","Oregon",269.533314848908,1.23153085162404,279.769753959967,1.57570388254615,8
"female","2003","Pennsylvania",270.092203497739,1.31352695499163,276.759765049834,1.34410460281939,8
"female","2003","Rhode Island",266.305607757502,0.904556960422906,271.352867565782,0.997590208408544,8
"female","2003","South Carolina",262.720183391118,1.58786393954096,274.388416950559,1.42445573903328,8
"female","2003","South Dakota",275.202175098104,1.12288265258131,283.847359066638,1.14188152774244,8
"female","2003","Tennessee",264.66016789033,1.25407209052305,268.346892957944,1.76389694451318,8
"female","2003","Texas",264.694580717307,1.26197788785944,275.990470477156,1.13493675412301,8
"female","2003","Utah",269.446269053646,1.12809101977407,279.559070462292,1.19458796380784,8
"female","2003","Vermont",276.200995256561,1.1048985497403,285.562202389513,0.833043344339085,8
"female","2003","Virginia",272.43547179273,1.51005019273694,280.077096696743,1.77268677783412,8
"female","2003","Washington",270.856286693994,1.12698780434017,280.57603065393,1.23336936241777,8
"female","2003","West Virginia",265.295813432897,1.07634312437765,270.717065644673,1.3744123011788,8
"female","2003","Wisconsin",274.103809962263,1.36038164742454,283.597702676642,1.49320980652496,8
"female","2003","Wyoming",272.222178027242,0.943974892347809,283.130996237677,1.04906826445818,8
"female","2005","Alabama",259.51103524181,1.74715387896446,263.76808022716,1.56908563053305,8
"female","2005","Alaska",264.784301370601,1.0110015198679,277.652124490588,1.07909962960241,8
"female","2005","Arizona",260.306039175997,1.28933487476666,274.181461484256,1.24761216302138,8
"female","2005","Arkansas",263.209471643546,1.25652189186644,272.969713361273,1.3499011062628,8
"female","2005","California",255.242008300336,0.62457576256088,267.941841622062,0.742956472020382,8
"female","2005","Colorado",268.280637965636,1.26814706919343,280.820113952118,1.29640026437915,8
"female","2005","Connecticut",269.905118107696,1.4759865466587,281.12263520901,1.73696990585124,8
"female","2005","Delaware",270.528919628313,0.940288769816336,279.346375228326,0.965773077115498,8
"female","2005","District of Columbia",245.485692715854,1.3804752747624,244.869245664861,1.21615149282058,8
"female","2005","DoDEA",275.511916614216,1.25468800028824,283.056627944755,1.18902831624833,8
"female","2005","Florida",262.072020824816,1.22699993278884,271.969794637342,1.38152556955534,8
"female","2005","Georgia",262.5722399953,1.30793515547443,271.813060607536,1.27850681948637,8
"female","2005","Hawaii",256.073257211249,1.10045559587258,266.286984935064,1.12557069373347,8
"female","2005","Idaho",270.761448816562,1.21840197055174,281.611699347381,1.0846159509187,8
"female","2005","Illinois",268.946400834616,1.07747004898549,276.368019231458,1.35659128063508,8
"female","2005","Indiana",266.585722637808,1.25461164305506,280.227389801957,1.09087433602627,8
"female","2005","Iowa",272.893396572905,1.14847241745877,284.483836129075,1.09345579008993,8
"female","2005","Kansas",271.426595736077,1.31395072126931,283.435907497007,1.3731162019731,8
"female","2005","Kentucky",269.729020160613,1.33808835331811,272.965480837811,1.3037183711267,8
"female","2005","Louisiana",258.552839217609,1.67446291812379,268.268157372995,1.5862228148074,8
"female","2005","Maine",276.436933891851,1.13599836823042,280.416414741564,1.00309957948909,8
"female","2005","Maryland",265.828820991754,1.30049228079211,278.069646854521,1.27313544040274,8
"female","2005","Massachusetts",278.498360919943,1.15294053749285,292.266814360606,1.2322603950341,8
"female","2005","Michigan",265.862023920662,1.2860284650417,275.261813792496,1.76366894943317,8
"female","2005","Minnesota",274.047937187007,1.27455500736403,289.322592652174,1.27714166971726,8
"female","2005","Mississippi",254.852974352126,1.51972549466562,262.157511068779,1.31244420057098,8
"female","2005","Missouri",269.637480105485,1.23480324298033,274.755309490329,1.36397237128946,8
"female","2005","Montana",273.874945551236,0.945442686077095,286.910661950116,1.05405939712949,8
"female","2005","Nebraska",274.089955345941,1.25134273996497,282.537853626376,1.36293967138749,8
"female","2005","Nevada",258.448873212834,1.50778883727908,269.328166017064,1.15672745370605,8
"female","2005","New Hampshire",275.299402496369,1.54191370382578,284.538961515478,1.15175985376297,8
"female","2005","New Jersey",273.249223128388,1.33887460609265,282.202834194496,1.43820980835864,8
"female","2005","New Mexico",255.012552336629,1.10463687934249,262.317443266343,1.11120801036555,8
"female","2005","New York",270.21318199641,1.04653651711349,279.50150863327,1.09016377660273,8
"female","2005","North Carolina",265.704470280188,1.14571334767028,282.311266252395,1.03402069913588,8
"female","2005","North Dakota",273.572235375672,1.04498318477869,286.527541570468,1.05804267415652,8
"female","2005","Ohio",271.939942159617,1.39117873068274,282.327990905307,1.36563484116291,8
"female","2005","Oklahoma",264.999313106898,1.24422503602521,271.170557654565,1.12838044070184,8
"female","2005","Oregon",268.169610075728,1.39409645587052,280.819341991134,1.29921720239947,8
"female","2005","Pennsylvania",271.432822920843,1.59400318515035,278.611004328102,1.52405864699962,8
"female","2005","Rhode Island",265.602957770668,1.17282452011821,272.520584955813,1.0244047527002,8
"female","2005","South Carolina",262.194460930228,1.21978862869547,280.773183008332,1.08290903439192,8
"female","2005","South Dakota",273.218586550367,0.882902689496419,287.238951870875,0.908371863927413,8
"female","2005","Tennessee",263.781366270905,1.20796046656636,270.947284800734,1.37882842214881,8
"female","2005","Texas",262.693520920858,0.851849267543298,279.387490791068,0.724297003083173,8
"female","2005","Utah",268.501333545283,0.949632467699452,278.268309242628,0.917243696544418,8
"female","2005","Vermont",275.607048301363,1.236242331185,287.364689310109,1.04049905333387,8
"female","2005","Virginia",272.639902045892,1.09185351105534,283.29779581638,1.34274366971881,8
"female","2005","Washington",269.397103730957,1.42572630987471,285.159862883677,1.34356709534226,8
"female","2005","West Virginia",260.818067996852,1.43722894577137,269.754083550661,1.07303526305747,8
"female","2005","Wisconsin",272.571673148158,1.24111602328081,284.437248945249,1.45934521731,8
"female","2005","Wyoming",271.927846472878,0.949895004695919,281.284280785844,1.07554622642782,8
"female","2007","Alabama",256.835125845619,1.22207993296082,265.049346156993,1.28269764209348,8
"female","2007","Alaska",264.396502093976,1.43808904517923,282.628304083485,1.35901311156556,8
"female","2007","Arizona",259.098303112729,1.32960186147533,273.922790057723,1.26632932191329,8
"female","2007","Arkansas",263.177719467018,1.13007474568547,274.112017056962,1.05605051855708,8
"female","2007","California",256.697064290086,0.997727469157717,270.404940835389,1.03782794531882,8
"female","2007","Colorado",271.404737626606,1.44368200066371,285.529961771442,1.14658092612247,8
"female","2007","Connecticut",271.534194788085,1.61775050229292,283.290997934628,1.6600503750095,8
"female","2007","Delaware",269.193741221339,0.990291660225739,280.974378258679,0.98750347164212,8
"female","2007","District of Columbia",245.248710598218,1.12635338496712,248.333163335537,1.14153340441906,8
"female","2007","DoDEA",278.572934310648,1.40986607251302,285.080963592831,1.10304806335001,8
"female","2007","Florida",266.133894677986,1.31896790920647,276.944558768737,1.41788382050968,8
"female","2007","Georgia",263.982673773846,1.3621449436262,274.063164206047,1.17602410965284,8
"female","2007","Hawaii",258.53174031152,1.14226660735885,270.335880330968,0.990504146266425,8
"female","2007","Idaho",269.557358220819,1.12491235754002,282.09178252973,1.13747205295415,8
"female","2007","Illinois",266.894918473994,1.12825093020751,279.406758324824,1.21111739714711,8
"female","2007","Indiana",269.637782800353,1.28353756339602,284.03437455559,1.3210138499241,8
"female","2007","Iowa",271.822865076328,1.18453221996079,283.559795736803,1.37303415944629,8
"female","2007","Kansas",272.329538232175,1.00822666237365,289.436197489497,1.20243632685306,8
"female","2007","Kentucky",266.19686446958,1.23144859920615,277.208624914442,1.16921462887259,8
"female","2007","Louisiana",258.110928048144,1.30725790672419,271.805180636607,1.37512346100551,8
"female","2007","Maine",275.945344765855,1.08307806664858,285.029666661613,1.05402445623309,8
"female","2007","Maryland",269.865079422395,1.17242244906863,284.068067973508,1.36282932866698,8
"female","2007","Massachusetts",278.294409002284,1.24406644244312,295.757292727564,1.4815203564691,8
"female","2007","Michigan",265.638369852891,1.35654197873805,275.235458424096,1.62886403764043,8
"female","2007","Minnesota",274.103579978001,1.09858248413089,291.693988948026,1.3360289639626,8
"female","2007","Mississippi",254.896445825486,1.35517950391019,263.739677032344,0.799094845064943,8
"female","2007","Missouri",267.973024474466,1.08213159135909,279.31026116867,1.18808839539918,8
"female","2007","Montana",277.560588355519,1.06574099627466,286.963706138885,1.06363390296145,8
"female","2007","Nebraska",272.073588207901,1.15531724743221,282.280327941647,1.34464193167817,8
"female","2007","Nevada",259.338590779128,1.15643416276935,270.144163002335,1.13566840285599,8
"female","2007","New Hampshire",275.482831365642,1.37395803829616,287.165264615591,0.887808859462994,8
"female","2007","New Jersey",274.36750934821,1.25087486873201,287.509796905833,1.4312684836058,8
"female","2007","New Mexico",254.504973558193,0.997667198288694,266.969124928379,1.07341292935237,8
"female","2007","New York",269.022488133159,1.19476046302038,279.601632984567,1.571041992381,8
"female","2007","North Carolina",264.813219606605,1.23222001873819,282.687612045579,1.03859809283659,8
"female","2007","North Dakota",272.003603362528,0.952258942432186,290.021658524857,0.894245789955301,8
"female","2007","Ohio",272.089418756144,1.32046060386282,283.36749433511,1.34719897042477,8
"female","2007","Oklahoma",264.12169019811,0.914738594586848,272.558274397173,1.07139171831517,8
"female","2007","Oregon",271.161339769878,1.15858647000202,283.036938806942,1.40828866567263,8
"female","2007","Pennsylvania",270.456823097536,1.22596559107427,283.497038272751,1.20164202742501,8
"female","2007","Rhode Island",261.07611168546,1.1309528024603,275.047532695619,1.17873578018297,8
"female","2007","South Carolina",261.962833953203,1.21382350273637,281.590806273529,1.22717022142521,8
"female","2007","South Dakota",273.5312847623,0.934109086883129,287.155851770048,1.06909103267793,8
"female","2007","Tennessee",264.441483514247,1.31603872114095,271.3669418456,1.14876895397947,8
"female","2007","Texas",265.530354052546,0.941270743822843,284.637938363166,1.13029599672148,8
"female","2007","Utah",266.709782714139,1.16052277790848,279.620473783378,1.11222472189537,8
"female","2007","Vermont",278.224380747961,1.21706151113054,290.078721875497,1.06226475102282,8
"female","2007","Virginia",271.955801302872,1.28579848872468,285.777109407358,1.46363805531196,8
"female","2007","Washington",270.155537492622,1.11358639030783,285.107231117189,1.3236129837406,8
"female","2007","West Virginia",262.332879913241,1.22116119132557,268.769567492512,0.967011699547862,8
"female","2007","Wisconsin",271.629876093806,1.3777112336971,284.083976057048,1.33113616720283,8
"female","2007","Wyoming",271.279397609761,0.949980252335982,286.224447543139,1.22172006738596,8
"female","2009","Alabama",261.300554985464,1.40238029976778,268.825740400418,1.48229142452998,8
"female","2009","Alaska",265.124660888482,1.18682442402146,283.081248171361,1.43222675030917,8
"female","2009","Arizona",260.752037739372,1.59125995965615,275.89131530291,1.61468344840736,8
"female","2009","Arkansas",262.421417103563,1.59564080090063,276.83281038006,1.32073153794699,8
"female","2009","California",257.109925680665,1.4792641802207,268.413653623414,1.50783822772211,8
"female","2009","Colorado",269.510831927134,1.03886073811102,285.734234897059,1.49729687638663,8
"female","2009","Connecticut",276.866648976547,1.04892113899944,289.278021765425,1.27720326112057,8
"female","2009","Delaware",269.902607069167,0.849627672238363,283.44877771479,0.781083444637375,8
"female","2009","District of Columbia",247.996692028371,1.20635786167728,255.200017824791,1.32114345174801,8
"female","2009","DoDEA",275.993578653089,1.08214420153789,285.766344688852,1.30312773872158,8
"female","2009","Florida",269.499544111436,1.25171125251272,278.021456016374,1.13779662398532,8
"female","2009","Georgia",265.624045333938,1.23970278734348,278.195950407875,1.20833747980066,8
"female","2009","Hawaii",262.10475385034,0.906721133433899,276.361465346963,1.08635366776367,8
"female","2009","Idaho",271.379363259735,0.958895491256741,286.457001160381,1.14049942108931,8
"female","2009","Illinois",268.861015368294,1.22252679666461,280.492929225265,1.47670294304789,8
"female","2009","Indiana",268.598106595219,1.16010445676981,285.132291537452,1.13673908268787,8
"female","2009","Iowa",269.281663203807,1.27609814556537,283.576279738194,1.17905194567463,8
"female","2009","Kansas",269.101961114782,1.2156934493226,286.965107493569,1.09901806367032,8
"female","2009","Kentucky",271.132262957946,1.10380646165853,277.65637164577,1.07755833616475,8
"female","2009","Louisiana",258.183751913857,1.72014436794665,272.602227800903,1.79223067264483,8
"female","2009","Maine",273.086805027892,1.01979066105079,284.1949524098,1.08867042814226,8
"female","2009","Maryland",272.448634992831,1.42342081569074,286.913134123556,1.33377447412218,8
"female","2009","Massachusetts",278.570516286718,1.29489915821143,297.662927266436,1.53191410365753,8
"female","2009","Michigan",267.407561459997,1.53716040910253,276.906011947357,1.58114463878016,8
"female","2009","Minnesota",275.054885792869,1.28408043286893,292.8949536376,1.10405724562133,8
"female","2009","Mississippi",254.92380346765,1.26574439377258,264.940334350217,1.25759104840791,8
"female","2009","Missouri",272.085124583677,1.17682845108856,284.731382202615,1.11545332733185,8
"female","2009","Montana",275.804482342739,0.812560982084343,290.905470794067,1.09462717888362,8
"female","2009","Nebraska",271.724554245129,1.1135500788693,282.542021757146,1.28119631758401,8
"female","2009","Nevada",260.125848884024,1.02115477202925,273.313539252993,0.907362631649013,8
"female","2009","New Hampshire",277.225995628397,1.05505041752649,291.716869679171,1.10696405395902,8
"female","2009","New Jersey",276.914738566402,1.55935127396761,290.464157354575,1.51939982694884,8
"female","2009","New Mexico",256.761078273884,1.57083734577526,268.641842691719,1.53020402793547,8
"female","2009","New York",269.577885010947,1.44417406097497,281.665918643579,1.5766249015761,8
"female","2009","North Carolina",266.599764888291,1.41656589769711,284.469841811574,1.39200666171516,8
"female","2009","North Dakota",273.941563132969,0.798699660618917,291.32330850708,1.01219569120707,8
"female","2009","Ohio",272.190526556995,1.41606698343213,284.166915731207,1.12009922876033,8
"female","2009","Oklahoma",264.095336323088,1.2395048045602,273.772434974547,1.20801989716831,8
"female","2009","Oregon",270.033342388405,1.41173457083666,283.359940733816,1.21347967659878,8
"female","2009","Pennsylvania",274.487815680837,1.14830560051813,286.66224806722,1.46865123019944,8
"female","2009","Rhode Island",265.325586904671,0.880530613898722,277.630316953937,0.924920728219205,8
"female","2009","South Carolina",263.603249080008,1.50895547765701,279.83121930119,1.49614665954776,8
"female","2009","South Dakota",274.814996695582,0.902202092594403,289.115443356352,0.783419565409437,8
"female","2009","Tennessee",264.779735719659,1.25085814223561,274.977556269718,1.65403455540184,8
"female","2009","Texas",264.25463653032,1.22565096087713,285.992742276832,1.44885257872488,8
"female","2009","Utah",270.976925728777,1.10113598878614,283.100366187568,1.20329750788366,8
"female","2009","Vermont",278.078163892197,0.944663780261015,291.574119261143,0.96404810322952,8
"female","2009","Virginia",270.998293566291,1.21824996424152,284.760258611533,1.48998737696128,8
"female","2009","Washington",272.680500201557,1.3442959958673,287.563295238475,1.28139719027371,8
"female","2009","West Virginia",261.66546625663,1.30789086954481,270.326160358289,1.25490947046675,8
"female","2009","Wisconsin",271.303564534478,1.43171346955923,286.839708661482,1.08591332187868,8
"female","2009","Wyoming",271.426347742101,1.29301469858786,284.038760906096,1.09779050423039,8
"female","2011","Alabama",262.655695001576,1.46890351943724,269.043802366093,1.5559275296128,8
"female","2011","Alaska",266.937646545186,1.16506985390546,283.797960234807,1.12087878470283,8
"female","2011","Arizona",265.226570328357,1.56416102290718,276.435220283349,1.53604109544352,8
"female","2011","Arkansas",264.187342104096,1.15789131839982,277.75098029308,1.30180656836311,8
"female","2011","California",261.179219439728,1.32370583686818,272.647217466589,1.3952027354607,8
"female","2011","Colorado",273.83649288788,1.93437622969496,292.141641229587,1.42407626370286,8
"female","2011","Connecticut",278.918276875035,1.11126268947515,285.878529620723,1.22143266218866,8
"female","2011","Delaware",271.254132682495,0.990966571489212,283.655479799344,0.935317704860676,8
"female","2011","District of Columbia",249.270238834591,0.966625844967037,261.860530444902,1.14330563122117,8
"female","2011","DoDEA",276.486417846821,1.11305066785816,287.169574229463,1.1368705678761,8
"female","2011","Florida",266.921014102506,1.26347927311675,277.403214823394,1.10414727851063,8
"female","2011","Georgia",267.041116318654,1.12310220623581,278.173776193157,1.27136233010182,8
"female","2011","Hawaii",263.021483634633,0.985059679332066,278.83660191993,0.985059225798136,8
"female","2011","Idaho",272.422783760848,0.886687343463534,286.319637551738,1.00082779442078,8
"female","2011","Illinois",270.699093880023,1.05064424792353,282.957021271766,1.17842832595576,8
"female","2011","Indiana",269.589879077432,1.21584618845667,284.842930615591,1.17421702450577,8
"female","2011","Iowa",268.769198635932,1.27364665277678,284.238864130737,1.18391114879317,8
"female","2011","Kansas",272.158730896156,1.21233364675648,288.666691108236,1.11394232914052,8
"female","2011","Kentucky",273.515216657806,0.999530765265115,280.89646667531,1.00344136630673,8
"female","2011","Louisiana",258.889183014676,1.56107932909502,273.871831058961,1.49152734209102,8
"female","2011","Maine",274.824343785207,1.12839367898535,289.220223966286,0.995228463432681,8
"female","2011","Maryland",275.376757929197,1.61535981515869,286.706157434229,1.46064859239926,8
"female","2011","Massachusetts",279.720711412026,1.16708456270357,298.131067275803,0.929195466536912,8
"female","2011","Michigan",270.791629621199,1.26281499414029,278.753400019627,1.72066893068711,8
"female","2011","Minnesota",274.180400742269,1.20568489236315,295.351727886691,1.34307187332563,8
"female","2011","Mississippi",259.188314249944,1.6422033761564,271.514784539658,1.61692943411721,8
"female","2011","Missouri",272.456226612479,1.30111328909551,281.193751717209,1.33486908180915,8
"female","2011","Montana",278.256135809996,0.954592678216329,293.162348463152,1.08453179283458,8
"female","2011","Nebraska",272.026673369872,0.956008939432003,282.036169841967,1.09583701095963,8
"female","2011","Nevada",264.44596848909,1.24258399193631,277.175025636756,1.05684560113699,8
"female","2011","New Hampshire",276.419377084116,1.03788407208202,292.050207252066,0.890134315610605,8
"female","2011","New Jersey",280.113556980006,1.28517113704992,293.805866734145,1.08270347839098,8
"female","2011","New Mexico",259.710993195839,1.00363196284235,274.001620559415,1.14539181755166,8
"female","2011","New York",270.297695887501,1.16682513903283,280.702132091516,1.15829347063646,8
"female","2011","North Carolina",269.878522929566,1.01600366542877,287.126763107209,1.06174927825025,8
"female","2011","North Dakota",273.31473178396,0.989276402499624,290.549347331198,0.950988451830947,8
"female","2011","Ohio",273.296329896066,1.25939170497099,287.564272854657,1.25836885261224,8
"female","2011","Oklahoma",264.091406919645,1.31697680078612,278.295490974299,1.11674465558354,8
"female","2011","Oregon",269.03145304947,1.31450436996474,279.898252354751,1.43503513344921,8
"female","2011","Pennsylvania",272.472279913359,1.60951896702591,285.021933657139,1.37659025192317,8
"female","2011","Rhode Island",270.536389203551,0.8748228558043,282.686746484469,0.80997722796334,8
"female","2011","South Carolina",265.393908290528,1.1287577034684,281.796184729263,1.40541126935176,8
"female","2011","South Dakota",272.845508377549,1.0017033454074,290.090961899177,0.969838570722982,8
"female","2011","Tennessee",263.926719030832,1.37207319071506,272.214517296636,1.38475708883386,8
"female","2011","Texas",263.0001303481,1.10980614789928,289.893357607017,0.991934118260934,8
"female","2011","Utah",272.254733998947,1.1889026784828,281.447228322949,1.12474107589728,8
"female","2011","Vermont",279.963617792923,1.17709296315401,294.101273174881,1.10822841790763,8
"female","2011","Virginia",271.487561430113,1.39769898656814,289.036216511458,1.43373022495292,8
"female","2011","Washington",274.13381012362,1.09857723946271,288.373603212683,1.32801408232869,8
"female","2011","West Virginia",262.8144969579,1.16442448483128,272.49527415454,1.07406516447501,8
"female","2011","Wisconsin",272.174360468154,1.2250064148674,286.97060972359,1.14533388849859,8
"female","2011","Wyoming",273.909617662938,1.16970960991721,285.212511555776,1.02354550555724,8
"female","2013","Alabama",262.150556032017,1.27521793670507,268.920111754346,1.47883325900078,8
"female","2013","Alaska",268.430400119009,1.11380817348005,281.388243030547,1.19928240253131,8
"female","2013","Arizona",264.80024214287,1.37964487965952,279.249581150207,1.40560032540294,8
"female","2013","Arkansas",267.361113576209,1.19540131231219,278.381788404903,1.10058442694058,8
"female","2013","California",266.65025276846,1.45663395232726,274.597823860242,1.59025969599623,8
"female","2013","Colorado",275.094654523306,1.49226355555289,289.923674635524,1.31942596285309,8
"female","2013","Connecticut",280.593822707827,1.19003009752422,285.001718764803,1.28419370160749,8
"female","2013","Delaware",271.066933642902,0.868453694176724,280.819271814912,0.906790975576199,8
"female","2013","District of Columbia",254.355421581207,1.36710690231511,266.297760729128,1.27379736529701,8
"female","2013","DoDEA",280.078882647796,1.07609448592885,288.636680891196,0.944989717019621,8
"female","2013","Florida",271.73344460148,1.35860063591394,280.041721351947,1.0291004402157,8
"female","2013","Georgia",269.70995143406,1.42401034647377,278.897696968548,1.39316456603146,8
"female","2013","Hawaii",266.377415563077,1.10967517493098,283.519308475361,1.04343428264218,8
"female","2013","Idaho",276.011794694399,0.986208685603078,285.831704696317,1.00611423270959,8
"female","2013","Illinois",271.169344300423,1.28178096497491,284.751037421702,1.1315103491494,8
"female","2013","Indiana",272.256686248928,1.41916332084805,287.306602457209,1.51990912473021,8
"female","2013","Iowa",273.152686153256,1.19439843079925,284.381732982188,1.07839048642339,8
"female","2013","Kansas",270.857117547007,1.15756999653553,288.73312467274,1.13881309273419,8
"female","2013","Kentucky",272.938206060998,1.04796938482801,280.282609261242,1.18022544834057,8
"female","2013","Louisiana",262.309138364103,1.16955018772997,272.914362007581,1.044153510422,8
"female","2013","Maine",276.362666381777,1.06989210520197,287.042352593595,1.03574619871222,8
"female","2013","Maryland",278.414207948428,1.19537066619751,286.894080247206,1.28977533279574,8
"female","2013","Massachusetts",281.478295246672,1.17369857162442,300.230890169447,1.16586752752638,8
"female","2013","Michigan",270.632654301676,1.20696272394678,280.579894843315,1.52440734246857,8
"female","2013","Minnesota",276.324549811565,1.1711987818931,293.775599902065,1.30865046538238,8
"female","2013","Mississippi",258.890328031514,1.20240747919695,271.214224160612,1.02845882848985,8
"female","2013","Missouri",273.25579113331,1.24591926017149,283.332221923724,1.21567894295668,8
"female","2013","Montana",276.340148670458,1.12279947111012,289.414156562483,1.27770064135955,8
"female","2013","Nebraska",273.610657802115,1.27048601794084,285.259674493267,1.17052771147908,8
"female","2013","Nevada",267.189023375643,1.02434644707003,277.441711222113,1.0410554961544,8
"female","2013","New Hampshire",279.841623817854,1.17445542869173,296.126425135333,1.0530482203325,8
"female","2013","New Jersey",281.56946290617,1.1794752976125,296.932719403887,1.2537699478092,8
"female","2013","New Mexico",259.735058675624,0.943430639222414,272.767820486016,1.03982638262474,8
"female","2013","New York",272.431473313768,1.25967883659704,283.336573218878,1.1399159158135,8
"female","2013","North Carolina",271.079056702183,1.53430684418161,285.830668609387,1.2387630444557,8
"female","2013","North Dakota",272.682352334972,0.760770745246998,290.218516655605,0.866706136140582,8
"female","2013","Ohio",274.217616468199,1.20032717855403,289.044419793423,1.22348295434782,8
"female","2013","Oklahoma",265.573663058441,1.17029046499582,276.191859315656,1.33936142378684,8
"female","2013","Oregon",274.321627055436,1.26280134175865,282.337649045713,1.31436633245561,8
"female","2013","Pennsylvania",275.39367885799,1.20729378825265,288.85654927147,1.32233212803561,8
"female","2013","Rhode Island",272.371601582112,0.92395823816122,283.860837147423,0.847508454126753,8
"female","2013","South Carolina",267.329144834979,1.35324746840434,278.835771246618,1.24246656255551,8
"female","2013","South Dakota",274.298195031862,1.05416103585122,286.74871271899,1.05323586552173,8
"female","2013","Tennessee",269.059469933576,1.29000419488201,277.664097957325,1.52803766859831,8
"female","2013","Texas",268.105454986952,1.25079073324763,287.809162634336,1.19539062257766,8
"female","2013","Utah",274.879277093692,1.06753024522513,283.764719149806,1.08755109783224,8
"female","2013","Vermont",280.225419846757,1.11330490943352,296.187563655664,0.901073688028042,8
"female","2013","Virginia",272.874696923487,1.52390774581634,288.806249553913,1.15877793848319,8
"female","2013","Washington",276.596960890887,1.21394504902911,289.404323868927,1.38687751632467,8
"female","2013","West Virginia",263.385542013997,1.08762735943704,274.367421037394,1.17447164636211,8
"female","2013","Wisconsin",274.651769701594,1.16320240665275,288.793558676747,1.09420142088992,8
"female","2013","Wyoming",277.339899486315,0.917563020161356,286.559634699951,0.884056707083751,8
